source_path,category,proposed_sad,action
docs/architecture/components/_template/architecture.template.md,legacy-stub-or-contract,TBD,absorb-or-stub
docs/architecture/components/_template/AUTHORING-GUIDE.md,legacy-stub-or-contract,TBD,absorb-or-stub
docs/architecture/evidence/README.md,legacy-stub-or-contract,TBD,absorb-or-stub
docs/architecture/project/FRONTMATTER.md,legacy-stub-or-contract,TBD,absorb-or-stub
docs/architecture/QUALITY-STANDARD.md,legacy-stub-or-contract,TBD,absorb-or-stub
docs/architecture/README.md,legacy-stub-or-contract,TBD,absorb-or-stub
docs/architecture/START-HERE.md,legacy-stub-or-contract,TBD,absorb-or-stub
docs/technical/architecture/ai_story_contract.md,technical-architecture,components/ai-stack,absorb-or-stub
docs/technical/architecture/architecture-overview.md,technical-architecture,TBD,absorb-or-stub
docs/technical/architecture/backend-runtime-classification.md,technical-architecture,components/backend,absorb-or-stub
docs/technical/architecture/canonical-player-flow-contract.md,technical-architecture,TBD,absorb-or-stub
docs/technical/architecture/canonical_runtime_contract.md,technical-architecture,TBD,absorb-or-stub
docs/technical/architecture/god_of_carnage_module_contract.md,technical-architecture,components/content-authority,absorb-or-stub
docs/technical/architecture/MultilingualArchitecture.md,technical-architecture,TBD,absorb-or-stub
docs/technical/architecture/mvp_definition.md,technical-architecture,project/mvp-live-runtime-completion,absorb-or-stub
docs/technical/architecture/service-boundaries.md,technical-architecture,project/ecosystem-topology,absorb-or-stub
docs/technical/architecture/session_runtime_contract.md,technical-architecture,components/world-engine,absorb-or-stub
docs/technical/runtime/a1_free_input_primary_runtime_path.md,runtime-contract,TBD,absorb-or-stub
docs/technical/runtime/active_listening_contract.md,runtime-contract,TBD,absorb-or-stub
docs/technical/runtime/callback_web_contract.md,runtime-contract,TBD,absorb-or-stub
docs/technical/runtime/consequence_cascade_contract.md,runtime-contract,TBD,absorb-or-stub
docs/technical/runtime/director_realization_thin_path_contract.md,runtime-contract,TBD,absorb-or-stub
docs/technical/runtime/expectation_variation_contract.md,runtime-contract,TBD,absorb-or-stub
docs/technical/runtime/genre_awareness_contract.md,runtime-contract,TBD,absorb-or-stub
docs/technical/runtime/improvisational_coherence_contract.md,runtime-contract,TBD,absorb-or-stub
docs/technical/runtime/meta_narrative_awareness_contract.md,runtime-contract,TBD,absorb-or-stub
docs/technical/runtime/narrative_momentum_contract.md,runtime-contract,TBD,absorb-or-stub
docs/technical/runtime/no_dead_end_recovery_contract.md,runtime-contract,TBD,absorb-or-stub
docs/technical/runtime/pacing_rhythm_contract.md,runtime-contract,TBD,absorb-or-stub
docs/technical/runtime/player_input_interpretation_contract.md,runtime-contract,TBD,absorb-or-stub
docs/technical/runtime/relationship_state_machine_contract.md,runtime-contract,TBD,absorb-or-stub
docs/technical/runtime/runtime-authority-and-state-flow.md,runtime-contract,components/world-engine,absorb-or-stub
docs/technical/runtime/runtime_diagnostic_snapshot_v1_contract.md,runtime-contract,TBD,absorb-or-stub
docs/technical/runtime/sensory_context_contract.md,runtime-contract,TBD,absorb-or-stub
docs/technical/runtime/social_pressure_contract.md,runtime-contract,TBD,absorb-or-stub
docs/technical/runtime/story_runtime_complete_playable_mvp.md,runtime-contract,TBD,absorb-or-stub
docs/technical/runtime/subtext_interpretation_contract.md,runtime-contract,TBD,absorb-or-stub
docs/technical/runtime/symbolic_object_resonance_contract.md,runtime-contract,TBD,absorb-or-stub
docs/technical/runtime/temporal_control_contract.md,runtime-contract,TBD,absorb-or-stub
docs/technical/runtime/tonal_consistency_contract.md,runtime-contract,TBD,absorb-or-stub
docs/technical/runtime/world_engine_authoritative_narrative_commit.md,runtime-contract,components/world-engine,absorb-or-stub
docs/technical/runtime/world_engine_authoritative_runtime_and_system_interactions.md,runtime-contract,components/world-engine,absorb-or-stub
docs/contracts/mcp_authorization_contract.md,root-contract,components/mcp-server,absorb-or-stub
docs/contracts/mcp_surface_contract.md,root-contract,components/mcp-server,absorb-or-stub
docs/contracts/session_authority_contract.md,root-contract,TBD,absorb-or-stub
docs/contracts/session_sync_contract.md,root-contract,TBD,absorb-or-stub
docs/contracts/turn_execution_contract.md,root-contract,components/world-engine,absorb-or-stub
docs/ADR/adr-0001-runtime-authority-in-world-engine.md,adr,components/world-engine,absorb-or-stub
docs/ADR/adr-0002-backend-session-surface-quarantine.md,adr,components/backend,absorb-or-stub
docs/ADR/adr-0003-scene-identity-canonical-surface.md,adr,project/governance (exception link),absorb-or-stub
docs/ADR/adr-0004-runtime-model-output-proposal-only-until-validator-approval.md,adr,project/governance (exception link),absorb-or-stub
docs/ADR/adr-0005-research-may-draft-change-but-may-not-publish.md,adr,project/governance (exception link),absorb-or-stub
docs/ADR/adr-0006-revision-review-uses-state-machine.md,adr,project/governance (exception link),absorb-or-stub
docs/ADR/adr-0007-revision-conflicts-explicit-governance-objects.md,adr,project/governance (exception link),absorb-or-stub
docs/ADR/adr-0008-validation-strategy-explicit-configurable.md,adr,project/governance (exception link),absorb-or-stub
docs/ADR/adr-0009-evaluation-is-a-promotion-gate.md,adr,project/quality-gates,absorb-or-stub
docs/ADR/adr-0010-governance-workflows-event-driven.md,adr,project/governance (exception link),absorb-or-stub
docs/ADR/adr-0011-validation-failures-degrade-gracefully.md,adr,project/governance (exception link),absorb-or-stub
docs/ADR/adr-0012-corrective-retry-provide-actionable-feedback.md,adr,project/governance (exception link),absorb-or-stub
docs/ADR/adr-0013-preview-sessions-isolated-from-active-runtime.md,adr,project/governance (exception link),absorb-or-stub
docs/ADR/adr-0014-player-affect-enum-signals.md,adr,project/governance (exception link),absorb-or-stub
docs/ADR/adr-0015-persist-turnexecutionresult-and-aidecisionlog.md,adr,project/governance (exception link),absorb-or-stub
docs/ADR/adr-0016-frontend-backend-restructure.md,adr,components/backend,absorb-or-stub
docs/ADR/adr-0017-durable-truth-migration-policy.md,adr,project/governance (exception link),absorb-or-stub
docs/ADR/adr-0018-role-aware-aidecisionlog.md,adr,project/governance (exception link),absorb-or-stub
docs/ADR/adr-0019-proposal-source-and-responder-gating.md,adr,project/governance (exception link),absorb-or-stub
docs/ADR/adr-0020-debug-panel-ui.md,adr,project/governance (exception link),absorb-or-stub
docs/ADR/adr-0021-runtime-authority.md,adr,components/world-engine,absorb-or-stub
docs/ADR/adr-0022-mvp-expansion-decision-rule.md,adr,project/governance (exception link),absorb-or-stub
docs/ADR/adr-0023-decision-framework-for-risk-and-kill-criteria.md,adr,project/governance (exception link),absorb-or-stub
docs/ADR/adr-0024-decision-boundary-record-schema.md,adr,project/governance (exception link),absorb-or-stub
docs/ADR/adr-0025-canonical-authored-content-model.md,adr,components/content-authority,absorb-or-stub
docs/ADR/adr-0026-mcp-host-and-runtime-phase-a.md,adr,components/mcp-server,absorb-or-stub
docs/ADR/adr-0027-mcp-transport-connectivity-phase-a.md,adr,components/mcp-server,absorb-or-stub
docs/ADR/adr-0028-mcp-security-baseline-phase-a.md,adr,components/mcp-server,absorb-or-stub
docs/ADR/adr-0029-residue-removal-policy.md,adr,project/governance (exception link),absorb-or-stub
docs/ADR/adr-0030-docker-up-complete-bootstrap.md,adr,project/governance (exception link),absorb-or-stub
docs/ADR/adr-0031-env-configuration-governance.md,adr,project/governance (exception link),absorb-or-stub
docs/ADR/adr-0032-mvp4-live-runtime-setup-requirements.md,adr,project/governance (exception link),absorb-or-stub
docs/ADR/adr-0033-live-runtime-commit-semantics.md,adr,project/governance (exception link),absorb-or-stub
docs/ADR/adr-0034-player-facing-narrative-shell-contract.md,adr,project/governance (exception link),absorb-or-stub
docs/ADR/adr-0035-story-opening-economy-and-warmup.md,adr,project/governance (exception link),absorb-or-stub
docs/ADR/adr-0036-player-session-output-language.md,adr,project/governance (exception link),absorb-or-stub
docs/ADR/adr-0037-backend-test-suite-split-runner.md,adr,components/backend,absorb-or-stub
docs/ADR/adr-0037-content-locale-story-runtime.md,adr,components/content-authority,absorb-or-stub
docs/ADR/adr-0038-canonical-turn-lifecycle-single-commit-path.md,adr,project/governance (exception link),absorb-or-stub
docs/ADR/adr-0039-gate-tests-no-hardcoded-oracle-bypass.md,adr,project/quality-gates,absorb-or-stub
docs/ADR/adr-0040-quality-lab-mcp-runtime-diagnostics.md,adr,components/mcp-server,absorb-or-stub
docs/ADR/adr-0041-semantic-capability-selection-and-runtime-capability-budgeting.md,adr,project/governance (exception link),absorb-or-stub
docs/ADR/adr-0042-meta-narrative-awareness-opt-in.md,adr,project/governance (exception link),absorb-or-stub
docs/ADR/adr-0043-adaptive-meta-narrative-awareness.md,adr,project/governance (exception link),absorb-or-stub
docs/ADR/adr-0044-runtime-rag-context-fabric-routing-and-authority-boundaries.md,adr,components/ai-stack,absorb-or-stub
docs/ADR/adr-0045-runtime-memory-indexes-and-retrieval-write-contracts.md,adr,project/governance (exception link),absorb-or-stub
docs/ADR/adr-0046-typewriter-cinematic-direction.md,adr,project/governance (exception link),absorb-or-stub
docs/ADR/adr-0047-at-rest-encryption-evidence-boundary.md,adr,project/governance (exception link),absorb-or-stub
docs/ADR/adr-0048-central-route-and-mcp-rate-limit-inventory.md,adr,components/mcp-server,absorb-or-stub
docs/ADR/adr-0049-provider-credential-governance-and-local-evaluator-evidence.md,adr,project/governance (exception link),absorb-or-stub
docs/ADR/adr-0050-security-governance-browser-mutation-boundaries.md,adr,project/security-governance,absorb-or-stub
docs/ADR/adr-0051-storage-layer-encryption-governance.md,adr,components/ai-stack,absorb-or-stub
docs/ADR/adr-0052-security-governance-admin-control-plane.md,adr,components/administration-tool,absorb-or-stub
docs/ADR/adr-0053-bounded-semantic-scene-planner.md,adr,project/governance (exception link),absorb-or-stub
docs/ADR/adr-0054-session-input-language-english-internal-resolution.md,adr,project/governance (exception link),absorb-or-stub
docs/ADR/adr-0055-semantic-player-input-translation-ingress.md,adr,project/governance (exception link),absorb-or-stub
docs/ADR/adr-0056-souffleuse-player-guidance-lane.md,adr,project/governance (exception link),absorb-or-stub
docs/ADR/adr-0057-canon-safe-player-freedom-and-affordance-inference.md,adr,project/governance (exception link),absorb-or-stub
docs/ADR/adr-0058-director-driven-pulse-and-block-stream-bus.md,adr,project/governance (exception link),absorb-or-stub
docs/ADR/adr-0058-director-driven-pulse-block-stream-bus.md,adr,project/governance (exception link),absorb-or-stub
docs/ADR/adr-0059-semantic-npc-motivation-score.md,adr,project/governance (exception link),absorb-or-stub
docs/ADR/adr-0060-souffleuse-inner-voice-composition.md,adr,project/governance (exception link),absorb-or-stub
docs/ADR/adr-0061-director-pause-mode-for-gathering-interruption.md,adr,project/governance (exception link),absorb-or-stub
docs/ADR/adr-0062-director-realization-thin-path.md,adr,project/governance (exception link),absorb-or-stub
docs/ADR/adr-0063-w5-actor-tracking.md,adr,project/governance (exception link),absorb-or-stub
docs/ADR/adr-0064-python-314-unified-interpreter-standard.md,adr,project/governance (exception link),absorb-or-stub
docs/ADR/adr-0065-w5-narrator-strict-mode-default-actor-situation-surface.md,adr,project/governance (exception link),absorb-or-stub
docs/ADR/adr-0066-retire-narrator-legacy-compat-diagnostics-flag.md,adr,project/governance (exception link),absorb-or-stub
docs/ADR/adr-0067-deprecate-narrator-strict-off-transition-rollback.md,adr,project/governance (exception link),absorb-or-stub
docs/ADR/adr-0068-remove-narrator-strict-off-transition-rollback.md,adr,project/governance (exception link),absorb-or-stub
docs/ADR/adr-0069-w5-player-view-replaces-current-room-aliases.md,adr,project/governance (exception link),absorb-or-stub
docs/ADR/adr-0070-w5-actor-tracking-replaces-narrator-consequence-location-framing.md,adr,project/governance (exception link),absorb-or-stub
docs/ADR/adr-0071-retire-legacy-narrator-consequence-area-fields-after-w5-location-framing.md,adr,project/governance (exception link),absorb-or-stub
docs/ADR/adr-template.md,adr,project/governance (exception link),absorb-or-stub
docs/ADR/LANGFUSE_OBSERVABILITY.md,adr,project/observability-traceability,absorb-or-stub
docs/ADR/legacy/adr-0021-runtime-authority.md,adr,components/world-engine,absorb-or-stub
docs/ADR/migration_from_archive_2026-04-17.md,adr,TBD,absorb-or-stub
docs/ADR/MVP4_TEST_GATE_PLAN.md,adr,project/quality-gates,absorb-or-stub
docs/ADR/MVP_Live_Runtime_Completion/adr-mvp1-001-experience-identity.md,adr,project/governance (exception link),absorb-or-stub
docs/ADR/MVP_Live_Runtime_Completion/adr-mvp1-002-runtime-profile-resolver.md,adr,project/governance (exception link),absorb-or-stub
docs/ADR/MVP_Live_Runtime_Completion/adr-mvp1-003-role-selection-actor-ownership.md,adr,project/governance (exception link),absorb-or-stub
docs/ADR/MVP_Live_Runtime_Completion/adr-mvp1-005-canonical-content-authority.md,adr,components/content-authority,absorb-or-stub
docs/ADR/MVP_Live_Runtime_Completion/adr-mvp1-006-evidence-gated-capabilities.md,adr,project/quality-gates,absorb-or-stub
docs/ADR/MVP_Live_Runtime_Completion/adr-mvp1-016-operational-gates.md,adr,project/quality-gates,absorb-or-stub
docs/ADR/MVP_Live_Runtime_Completion/adr-mvp2-003-npc-coercion-state-delta.md,adr,project/governance (exception link),absorb-or-stub
docs/ADR/MVP_Live_Runtime_Completion/adr-mvp2-004-actor-lane-enforcement.md,adr,project/governance (exception link),absorb-or-stub
docs/ADR/MVP_Live_Runtime_Completion/adr-mvp2-015-environment-affordances.md,adr,project/governance (exception link),absorb-or-stub
docs/ADR/MVP_Live_Runtime_Completion/adr-mvp2-016-operational-gates.md,adr,project/quality-gates,absorb-or-stub
docs/ADR/MVP_Live_Runtime_Completion/adr-mvp3-007-minimum-agency-baseline-superseded.md,adr,project/governance (exception link),absorb-or-stub
docs/ADR/MVP_Live_Runtime_Completion/adr-mvp3-011-live-dramatic-scene-simulator.md,adr,project/governance (exception link),absorb-or-stub
docs/ADR/MVP_Live_Runtime_Completion/adr-mvp3-012-npc-free-dramatic-agency.md,adr,project/governance (exception link),absorb-or-stub
docs/ADR/MVP_Live_Runtime_Completion/adr-mvp3-013-narrator-inner-voice-contract.md,adr,project/governance (exception link),absorb-or-stub
docs/ADR/MVP_Live_Runtime_Completion/adr-mvp4-001-observability-diagnostics.md,adr,project/observability-traceability,absorb-or-stub
docs/ADR/MVP_Live_Runtime_Completion/adr-mvp4-002-langfuse-integration.md,adr,project/observability-traceability,absorb-or-stub
docs/ADR/MVP_Live_Runtime_Completion/adr-mvp4-003-evaluation-pipeline.md,adr,project/governance (exception link),absorb-or-stub
docs/ADR/MVP_Live_Runtime_Completion/adr-mvp4-004-narrative-gov-panels.md,adr,project/governance (exception link),absorb-or-stub
docs/ADR/MVP_Live_Runtime_Completion/adr-mvp4-008-diagnostics-degradation-semantics.md,adr,project/governance (exception link),absorb-or-stub
docs/ADR/MVP_Live_Runtime_Completion/adr-mvp4-009-langfuse-traceable-decisions.md,adr,project/observability-traceability,absorb-or-stub
docs/ADR/MVP_Live_Runtime_Completion/adr-mvp4-010-narrative-gov-operator-truth-surface.md,adr,project/governance (exception link),absorb-or-stub
docs/ADR/MVP_Live_Runtime_Completion/adr-mvp5-001-modular-block-rendering-architecture.md,adr,project/governance (exception link),absorb-or-stub
docs/ADR/MVP_Live_Runtime_Completion/adr-mvp5-002-virtual-clock-deterministic-testing.md,adr,project/governance (exception link),absorb-or-stub
docs/ADR/MVP_Live_Runtime_Completion/adr-mvp5-003-accessibility-mode-implementation.md,adr,project/governance (exception link),absorb-or-stub
docs/ADR/OBSERVABILITY_REDACTION_POLICY.md,adr,project/observability-traceability,absorb-or-stub
